{
  "train_loss": [
    1.0178134125821732,
    0.9572907545987297,
    0.9490482105928308,
    0.9445634320670483,
    0.9412042802455378,
    0.9464545542118596,
    0.9388225639567656,
    0.9354048114196927,
    0.9353541381218854,
    0.9333240459947025,
    0.9358403297031627,
    0.9350665305175033,
    0.9344670106382931,
    0.9338311891929776,
    0.9387435223542008,
    0.9314613096854266,
    0.9289476579310847,
    0.9298005431306129,
    0.92770829855227,
    0.9292213262296191,
    0.9265169314309663,
    0.9267702605210099,
    0.924779454867045,
    0.9236869812011719,
    0.922647077663272,
    0.9193596547725154,
    0.9183733229543648,
    0.9189382300657385,
    0.913595556044111,
    0.9086322702613532,
    0.907137999347612,
    0.9073066512743632,
    0.9060046392328599,
    0.8899266719818115,
    0.8900796665864832,
    0.8819965451371437,
    0.878921857067183,
    0.8790512120022493,
    0.8757470121570662,
    0.8737356802996468,
    0.8679647726171157,
    0.8704071863024843,
    0.8648897292567235,
    0.862778478977727,
    0.8589676116027084,
    0.8585004479277367,
    0.8558439028029349,
    0.8501128764713511,
    0.8486229403346193,
    0.851832205174016
  ],
  "train_acc": [
    45.06065186218657,
    49.95930705731892,
    50.60264310351509,
    51.160717745998525,
    51.71879238848196,
    50.90105801650971,
    51.180095337751425,
    51.76529860868891,
    52.241987365810175,
    52.12572181529279,
    51.76529860868891,
    51.7304189435337,
    51.73816998023486,
    51.92807037941325,
    51.55214509940705,
    52.439638801689725,
    53.04421966438011,
    52.6334147192187,
    52.88532341200636,
    52.64504127427043,
    52.79618648994303,
    52.97446033406968,
    52.637290237569275,
    53.52478393985196,
    52.900825485408674,
    54.21462620625508,
    54.404526605433475,
    54.71069255512925,
    55.571057628957874,
    57.08250978568383,
    57.96612796961593,
    58.25291632755881,
    58.09789559353563,
    59.6093477502616,
    60.12866720923923,
    60.830136030694106,
    61.430841375033914,
    61.62461729256288,
    62.2795798938108,
    62.02379568267256,
    63.28333914661086,
    63.3143432934155,
    63.63601131651358,
    64.12432662868659,
    64.49250087199162,
    64.3646087664225,
    64.89555478045189,
    65.86443436809674,
    65.87218540479789,
    65.65515637716544
  ],
  "val_loss": [
    1.0060229870406063,
    0.9682781181552194,
    0.9354330707680095,
    0.9396405111659657,
    0.9559999081221494,
    0.9314428974281658,
    0.9358575913039121,
    0.9286761554804716,
    0.9297446202148091,
    0.9303292361172762,
    0.9336608323183927,
    0.9444200369444761,
    0.9281480231068351,
    0.9397814246741208,
    0.93241532553326,
    0.9289407377893274,
    0.9353916428305886,
    0.9322126778689298,
    0.9727228446440264,
    0.9248068170113997,
    0.9370478229089216,
    0.9281330785968087,
    0.922026897018606,
    0.926180590282787,
    0.9190430749546398,
    0.9183421026576649,
    0.9379304295236414,
    0.9195827950130809,
    0.9418614750558679,
    0.9017813422463157,
    0.9012761495330117,
    0.9333223754709418,
    0.8969531844962727,
    0.924469918012619,
    0.8960793749852614,
    0.8772623620250009,
    0.8856959613886747,
    0.8935364566066049,
    0.8763350329615853,
    0.8739978291771628,
    0.8700339902531017,
    0.8705595244060863,
    0.8722358291799371,
    0.875656705011021,
    0.867363918911327,
    0.8764293518933383,
    0.8746788691390645,
    0.8715429306030273,
    0.8775499300523237,
    0.864871699701656
  ],
  "val_acc": [
    45.81864207576169,
    49.17276918904258,
    51.758430521652656,
    51.36967724437212,
    50.094928125847574,
    51.903082903896575,
    51.31543260103065,
    51.64994123496972,
    51.993490642799024,
    52.45457011120152,
    51.31543260103065,
    50.29382515143296,
    52.20142844227466,
    50.48368140312811,
    51.83979748666486,
    52.09293915559172,
    51.57761504384775,
    51.894042130006326,
    48.53087424283519,
    52.807160292921075,
    52.861404936262545,
    52.1291022511527,
    53.15070970075038,
    52.14718379893319,
    54.20848024590905,
    54.48874423650665,
    52.54497785010397,
    54.705722809872526,
    53.38576982189675,
    58.39435855709249,
    58.23162462706808,
    55.23912846939698,
    58.701744869360816,
    56.35114365789712,
    59.10857969442184,
    60.84440828134888,
    59.92224934454389,
    59.877045475092665,
    61.459180905885546,
    62.0739535304222,
    62.04683120875147,
    63.14076484947112,
    62.580236868275925,
    62.46270680770274,
    63.737455926227284,
    62.31805442545882,
    62.797215441641804,
    63.02323478889793,
    62.23668746044662,
    63.737455926227284
  ],
  "lr": [
    0.0014906611533431295,
    0.0014913474475140448,
    0.0014919234608334088,
    0.0014918507755111473,
    0.0014915650829745357,
    0.0014919920935796893,
    0.0014919161417494065,
    0.001492039511751838,
    0.001492021216327616,
    0.0014920111970524292,
    0.0014919539800741838,
    0.0014917678143181823,
    0.001492048547299161,
    0.0014918483355660212,
    0.0014919753942297166,
    0.001492034983229339,
    0.0014919241749086368,
    0.0014919788756921394,
    0.0014912679838245569,
    0.0014921055920129672,
    0.0014918956035958391,
    0.001492048802902909,
    0.0014921528981542006,
    0.0014920821621852807,
    0.0014922035167568707,
    0.001492215384661941,
    0.0014918803569605123,
    0.001492194372826997,
    0.0014918122768329204,
    0.0014924931526700187,
    0.0014925015471834162,
    0.0014919598020137646,
    0.001492573188480545,
    0.0014921113325830787,
    0.0014925876279067286,
    0.001492895180468792,
    0.001492758140332016,
    0.00149262956928473,
    0.001492910169421258,
    0.0014929478771052338,
    0.0014930115996149413,
    0.0014930031677015151,
    0.0014929762384812751,
    0.0014929211236499225,
    0.001493054361314559,
    0.0014929086456097853,
    0.0014929368997594885,
    0.0014929873758840024,
    0.0014928905291417083,
    0.0014930941568185867
  ]
}